Year,Year ending,Police Region,Local Government Area,Offence Count,"Rate per 100,000 population"
2019,December,1 North West Metro, Banyule,9524,7247.3
2019,December,1 North West Metro, Brimbank,19784,9410.5
2019,December,1 North West Metro, Darebin,14532,8854.9
2019,December,1 North West Metro, Hobsons Bay,6224,6376.7
2019,December,1 North West Metro, Hume,21445,9204.3
2019,December,1 North West Metro, Maribyrnong,8898,9446.7
2019,December,1 North West Metro, Melbourne,36284,20030.3
2019,December,1 North West Metro, Melton,12611,7661
2019,December,1 North West Metro, Moonee Valley,8281,6362
2019,December,1 North West Metro, Moreland,14375,7736.7
2019,December,1 North West Metro, Nillumbik,2228,3425.6
2019,December,1 North West Metro, Whittlesea,16478,7134.7
2019,December,1 North West Metro, Wyndham,16760,6213.4
2019,December,1 North West Metro, Yarra,13517,13441.3
2019,December,1 North West Metro,Total,200941,8896.8
2019,December,2 Eastern, Alpine,571,4460.5
2019,December,2 Eastern, Bass Coast,2499,6923.8
2019,December,2 Eastern, Baw Baw,4768,8950.2
2019,December,2 Eastern, Benalla,1309,9297
2019,December,2 Eastern, Boroondara,8135,4441.1
2019,December,2 Eastern, East Gippsland,4901,10356.7
2019,December,2 Eastern, Greater Shepparton,8835,13257.1
2019,December,2 Eastern, Indigo,598,3601.6
2019,December,2 Eastern, Knox,11932,7264.2
2019,December,2 Eastern, Latrobe,14004,18523
2019,December,2 Eastern, Manningham,5142,4045
2019,December,2 Eastern, Mansfield,470,5158.2
2019,December,2 Eastern, Maroondah,8166,6858.4
2019,December,2 Eastern, Mitchell,4828,10432.2
2019,December,2 Eastern, Moira,2546,8508.9
2019,December,2 Eastern, Monash,11706,5778.4
2019,December,2 Eastern, Murrindindi,808,5521.3
2019,December,2 Eastern, South Gippsland,1737,5827.7
2019,December,2 Eastern, Strathbogie,631,5872.8
2019,December,2 Eastern, Towong,216,3555.4
2019,December,2 Eastern, Wangaratta,2525,8623.6
2019,December,2 Eastern, Wellington,4597,10373.7
2019,December,2 Eastern, Whitehorse,9231,5171.3
2019,December,2 Eastern, Wodonga,3754,8865.6
2019,December,2 Eastern, Yarra Ranges,9192,5771.3
2019,December,2 Eastern,Total,123101,7161.6
2019,December,3 Southern Metro, Bayside,5103,4776
2019,December,3 Southern Metro, Cardinia,6639,5904.7
2019,December,3 Southern Metro, Casey,22531,6384.5
2019,December,3 Southern Metro, Frankston,14916,10417.3
2019,December,3 Southern Metro, Glen Eira,7387,4749
2019,December,3 Southern Metro, Greater Dandenong,18913,11191.2
2019,December,3 Southern Metro, Kingston,12117,7332.1
2019,December,3 Southern Metro, Mornington Peninsula,11223,6698.8
2019,December,3 Southern Metro, Port Phillip,12603,10868
2019,December,3 Southern Metro, Stonnington,11724,9937.7
2019,December,3 Southern Metro,Total,123156,7665.4
2019,December,4 Western, Ararat,1260,10639.9
2019,December,4 Western, Ballarat,11758,10742.9
2019,December,4 Western, Buloke,300,4884.3
2019,December,4 Western, Campaspe,3957,10501.8
2019,December,4 Western, Central Goldfields,1411,10620.8
2019,December,4 Western, Colac-Otway,1642,7630.2
2019,December,4 Western, Corangamite,647,4047.9
2019,December,4 Western, Gannawarra,827,7857.9
2019,December,4 Western, Glenelg,1685,8576.2
2019,December,4 Western, Golden Plains,650,2748.8
2019,December,4 Western, Greater Bendigo,11448,9688.3
2019,December,4 Western, Greater Geelong,21738,8404.1
2019,December,4 Western, Hepburn,870,5485.6
2019,December,4 Western, Hindmarsh,331,5927.4
2019,December,4 Western, Horsham,1951,9783.2
2019,December,4 Western, Loddon,477,6335.2
2019,December,4 Western, Macedon Ranges,2443,4870.6
2019,December,4 Western, Mildura,7445,13302.3
2019,December,4 Western, Moorabool,2129,6054.5
2019,December,4 Western, Mount Alexander,1224,6230.3
2019,December,4 Western, Moyne,685,4034.1
2019,December,4 Western, Northern Grampians,1103,9735.2
2019,December,4 Western, Pyrenees,659,8957.8
2019,December,4 Western, Queenscliffe,116,3860.6
2019,December,4 Western, Southern Grampians,1217,7554.1
2019,December,4 Western, Surf Coast,1248,3771.2
2019,December,4 Western, Swan Hill,2629,12684
2019,December,4 Western, Warrnambool,3454,9827.6
2019,December,4 Western, West Wimmera,167,4400.5
2019,December,4 Western, Yarriambiack,479,7260.9
2019,December,4 Western,Total,85950,8505.4
2019,December,Justice Institutions and Immigration Facilities, Justice Institutions and Immigration Facilities,2759,
2019,December,Justice Institutions and Immigration Facilities,Total,2759,
2019,December,Unincorporated Vic, Unincorporated Vic,156,
2019,December,Unincorporated Vic,Total,156,
2018,December,1 North West Metro, Banyule,9408,7223.8
2018,December,1 North West Metro, Brimbank,19054,9129.2
2018,December,1 North West Metro, Darebin,15234,9426.5
2018,December,1 North West Metro, Hobsons Bay,6234,6462.1
2018,December,1 North West Metro, Hume,20705,9227.1
2018,December,1 North West Metro, Maribyrnong,8435,9230
2018,December,1 North West Metro, Melbourne,36151,21270.2
2018,December,1 North West Metro, Melton,10672,6809.9
2018,December,1 North West Metro, Moonee Valley,8615,6736.6
2018,December,1 North West Metro, Moreland,14556,8009.9
2018,December,1 North West Metro, Nillumbik,2106,3242.9
2018,December,1 North West Metro, Whittlesea,15616,6992.6
2018,December,1 North West Metro, Wyndham,14464,5665
2018,December,1 North West Metro, Yarra,13682,13887.4
2018,December,1 North West Metro,Total,194932,8896.1
2018,December,2 Eastern, Alpine,579,4548.3
2018,December,2 Eastern, Bass Coast,2211,6258.7
2018,December,2 Eastern, Baw Baw,4494,8639.8
2018,December,2 Eastern, Benalla,1192,8499.7
2018,December,2 Eastern, Boroondara,6935,3825.4
2018,December,2 Eastern, East Gippsland,4519,9652.3
2018,December,2 Eastern, Greater Shepparton,8746,13250.1
2018,December,2 Eastern, Indigo,450,2728.9
2018,December,2 Eastern, Knox,10810,6623.7
2018,December,2 Eastern, Latrobe,14609,19424
2018,December,2 Eastern, Manningham,4362,3475.5
2018,December,2 Eastern, Mansfield,480,5345.8
2018,December,2 Eastern, Maroondah,8110,6902.2
2018,December,2 Eastern, Mitchell,4320,9751.9
2018,December,2 Eastern, Moira,2117,7104.3
2018,December,2 Eastern, Monash,10337,5166.5
2018,December,2 Eastern, Murrindindi,716,4945.4
2018,December,2 Eastern, South Gippsland,1445,4885.7
2018,December,2 Eastern, Strathbogie,604,5674
2018,December,2 Eastern, Towong,212,3501.8
2018,December,2 Eastern, Wangaratta,2389,8213.3
2018,December,2 Eastern, Wellington,4004,9096.1
2018,December,2 Eastern, Whitehorse,8202,4655
2018,December,2 Eastern, Wodonga,3208,7743.4
2018,December,2 Eastern, Yarra Ranges,7658,4841.5
2018,December,2 Eastern,Total,112709,6634.1
2018,December,3 Southern Metro, Bayside,4685,4431.6
2018,December,3 Southern Metro, Cardinia,6049,5646.9
2018,December,3 Southern Metro, Casey,21025,6176.2
2018,December,3 Southern Metro, Frankston,14878,10488.9
2018,December,3 Southern Metro, Glen Eira,6474,4207.8
2018,December,3 Southern Metro, Greater Dandenong,18297,11016.1
2018,December,3 Southern Metro, Kingston,11004,6733.1
2018,December,3 Southern Metro, Mornington Peninsula,10800,6513
2018,December,3 Southern Metro, Port Phillip,13129,11598.1
2018,December,3 Southern Metro, Stonnington,10788,9283.4
2018,December,3 Southern Metro,Total,117129,7442.8
2018,December,4 Western, Ararat,1348,11428.6
2018,December,4 Western, Ballarat,10868,10126.3
2018,December,4 Western, Buloke,236,3816.3
2018,December,4 Western, Campaspe,3808,10129.8
2018,December,4 Western, Central Goldfields,1295,9803.9
2018,December,4 Western, Colac-Otway,1596,7422.2
2018,December,4 Western, Corangamite,733,4541.5
2018,December,4 Western, Gannawarra,751,7120.5
2018,December,4 Western, Glenelg,1347,6849.7
2018,December,4 Western, Golden Plains,684,2958.5
2018,December,4 Western, Greater Bendigo,10550,9091.3
2018,December,4 Western, Greater Geelong,20778,8238.1
2018,December,4 Western, Hepburn,740,4680
2018,December,4 Western, Hindmarsh,351,6217.9
2018,December,4 Western, Horsham,3021,15200
2018,December,4 Western, Loddon,490,6522
2018,December,4 Western, Macedon Ranges,2332,4721.8
2018,December,4 Western, Mildura,7338,13218
2018,December,4 Western, Moorabool,2441,7146.2
2018,December,4 Western, Mount Alexander,880,4509.6
2018,December,4 Western, Moyne,530,3138.5
2018,December,4 Western, Northern Grampians,987,8634.4
2018,December,4 Western, Pyrenees,501,6813.5
2018,December,4 Western, Queenscliffe,303,10161
2018,December,4 Western, Southern Grampians,1563,9687
2018,December,4 Western, Surf Coast,1186,3677.4
2018,December,4 Western, Swan Hill,2526,12168.2
2018,December,4 Western, Warrnambool,3953,11339
2018,December,4 Western, West Wimmera,166,4298.3
2018,December,4 Western, Yarriambiack,502,7539.8
2018,December,4 Western,Total,83804,8414.5
2018,December,Justice Institutions and Immigration Facilities, Justice Institutions and Immigration Facilities,2836,
2018,December,Justice Institutions and Immigration Facilities,Total,2836,
2018,December,Unincorporated Vic, Unincorporated Vic,143,
2018,December,Unincorporated Vic,Total,143,
2017,December,1 North West Metro, Banyule,9657,7479.4
2017,December,1 North West Metro, Brimbank,17143,8281.8
2017,December,1 North West Metro, Darebin,14791,9317.1
2017,December,1 North West Metro, Hobsons Bay,6070,6384.7
2017,December,1 North West Metro, Hume,20222,9395.2
2017,December,1 North West Metro, Maribyrnong,8023,8978.1
2017,December,1 North West Metro, Melbourne,36464,22913
2017,December,1 North West Metro, Melton,10632,7153.9
2017,December,1 North West Metro, Moonee Valley,8604,6860.6
2017,December,1 North West Metro, Moreland,12748,7203.3
2017,December,1 North West Metro, Nillumbik,2325,3598.1
2017,December,1 North West Metro, Whittlesea,15582,7224.4
2017,December,1 North West Metro, Wyndham,14234,5904.5
2017,December,1 North West Metro, Yarra,13283,13837.3
2017,December,1 North West Metro,Total,189778,8943.2
2017,December,2 Eastern, Alpine,454,3592.3
2017,December,2 Eastern, Bass Coast,2574,7485.6
2017,December,2 Eastern, Baw Baw,3750,7400
2017,December,2 Eastern, Benalla,1296,9274.4
2017,December,2 Eastern, Boroondara,7314,4070.6
2017,December,2 Eastern, East Gippsland,3965,8594.2
2017,December,2 Eastern, Greater Shepparton,8047,12275.4
2017,December,2 Eastern, Indigo,491,3006.2
2017,December,2 Eastern, Knox,11280,6970.4
2017,December,2 Eastern, Latrobe,13339,17807.2
2017,December,2 Eastern, Manningham,4904,3946.2
2017,December,2 Eastern, Mansfield,664,7548.9
2017,December,2 Eastern, Maroondah,8290,7126.8
2017,December,2 Eastern, Mitchell,4401,10258
2017,December,2 Eastern, Moira,1927,6498.7
2017,December,2 Eastern, Monash,11115,5644.4
2017,December,2 Eastern, Murrindindi,717,5037.2
2017,December,2 Eastern, South Gippsland,1442,4918
2017,December,2 Eastern, Strathbogie,567,5408.2
2017,December,2 Eastern, Towong,217,3593.3
2017,December,2 Eastern, Wangaratta,2345,8127.4
2017,December,2 Eastern, Wellington,3669,8376.5
2017,December,2 Eastern, Whitehorse,8300,4790.4
2017,December,2 Eastern, Wodonga,3298,8081
2017,December,2 Eastern, Yarra Ranges,8209,5233
2017,December,2 Eastern,Total,112575,6706.3
2017,December,3 Southern Metro, Bayside,4761,4565.5
2017,December,3 Southern Metro, Cardinia,5817,5680.5
2017,December,3 Southern Metro, Casey,21227,6496
2017,December,3 Southern Metro, Frankston,14277,10145.8
2017,December,3 Southern Metro, Glen Eira,6821,4503.6
2017,December,3 Southern Metro, Greater Dandenong,18103,11071
2017,December,3 Southern Metro, Kingston,10709,6649.4
2017,December,3 Southern Metro, Mornington Peninsula,10916,6662.8
2017,December,3 Southern Metro, Port Phillip,12530,11323.4
2017,December,3 Southern Metro, Stonnington,9882,8685.8
2017,December,3 Southern Metro,Total,115043,7477.8
2017,December,4 Western, Ararat,1253,10658.4
2017,December,4 Western, Ballarat,11588,10992
2017,December,4 Western, Buloke,199,3207.1
2017,December,4 Western, Campaspe,3381,8992.7
2017,December,4 Western, Central Goldfields,1452,11043.5
2017,December,4 Western, Colac-Otway,1743,8133.5
2017,December,4 Western, Corangamite,1029,6347.9
2017,December,4 Western, Gannawarra,569,5383.7
2017,December,4 Western, Glenelg,1639,8323.2
2017,December,4 Western, Golden Plains,688,3048.6
2017,December,4 Western, Greater Bendigo,9716,8516
2017,December,4 Western, Greater Geelong,22948,9338.8
2017,December,4 Western, Hepburn,886,5668.9
2017,December,4 Western, Hindmarsh,385,6733.1
2017,December,4 Western, Horsham,2393,12034.2
2017,December,4 Western, Loddon,347,4622.4
2017,December,4 Western, Macedon Ranges,2132,4403
2017,December,4 Western, Mildura,6496,11780.5
2017,December,4 Western, Moorabool,2146,6417.1
2017,December,4 Western, Mount Alexander,1013,5249.5
2017,December,4 Western, Moyne,622,3703.9
2017,December,4 Western, Northern Grampians,1054,9151.7
2017,December,4 Western, Pyrenees,527,7162.3
2017,December,4 Western, Queenscliffe,133,4494.8
2017,December,4 Western, Southern Grampians,1279,7932.8
2017,December,4 Western, Surf Coast,1166,3719.7
2017,December,4 Western, Swan Hill,2414,11579.6
2017,December,4 Western, Warrnambool,3483,10075.5
2017,December,4 Western, West Wimmera,188,4827.9
2017,December,4 Western, Yarriambiack,478,7151.4
2017,December,4 Western,Total,83347,8491.4
2017,December,Justice Institutions and Immigration Facilities, Justice Institutions and Immigration Facilities,2530,
2017,December,Justice Institutions and Immigration Facilities,Total,2530,
2017,December,Unincorporated Vic, Unincorporated Vic,136,
2017,December,Unincorporated Vic,Total,136,
2016,December,1 North West Metro, Banyule,10085,7913.1
2016,December,1 North West Metro, Brimbank,19144,9375.6
2016,December,1 North West Metro, Darebin,16854,10864.7
2016,December,1 North West Metro, Hobsons Bay,6703,7173.2
2016,December,1 North West Metro, Hume,23652,11423.8
2016,December,1 North West Metro, Maribyrnong,9139,10511.6
2016,December,1 North West Metro, Melbourne,37858,25913.1
2016,December,1 North West Metro, Melton,12055,8524.3
2016,December,1 North West Metro, Moonee Valley,9618,7827.7
2016,December,1 North West Metro, Moreland,14867,8628.9
2016,December,1 North West Metro, Nillumbik,3174,4945.9
2016,December,1 North West Metro, Whittlesea,16670,8050.9
2016,December,1 North West Metro, Wyndham,15391,6779.9
2016,December,1 North West Metro, Yarra,14005,15076.3
2016,December,1 North West Metro,Total,209215,10215.5
2016,December,2 Eastern, Alpine,387,3076.8
2016,December,2 Eastern, Bass Coast,2948,8809.5
2016,December,2 Eastern, Baw Baw,4143,8404.3
2016,December,2 Eastern, Benalla,1604,11471.9
2016,December,2 Eastern, Boroondara,8391,4733.3
2016,December,2 Eastern, East Gippsland,4157,9116.2
2016,December,2 Eastern, Greater Shepparton,8399,12907.2
2016,December,2 Eastern, Indigo,396,2449.7
2016,December,2 Eastern, Knox,12142,7572
2016,December,2 Eastern, Latrobe,14482,19407.1
2016,December,2 Eastern, Manningham,5015,4091.5
2016,December,2 Eastern, Mansfield,618,7124.7
2016,December,2 Eastern, Maroondah,9195,8009.6
2016,December,2 Eastern, Mitchell,4709,11266.9
2016,December,2 Eastern, Moira,1946,6599.7
2016,December,2 Eastern, Monash,12535,6507.5
2016,December,2 Eastern, Murrindindi,715,5088.2
2016,December,2 Eastern, South Gippsland,1503,5161
2016,December,2 Eastern, Strathbogie,678,6546.3
2016,December,2 Eastern, Towong,243,4019.2
2016,December,2 Eastern, Wangaratta,2594,9072.5
2016,December,2 Eastern, Wellington,4747,10905.1
2016,December,2 Eastern, Whitehorse,7992,4711.1
2016,December,2 Eastern, Wodonga,3310,8254.4
2016,December,2 Eastern, Yarra Ranges,8918,5745.2
2016,December,2 Eastern,Total,121767,7357.4
2016,December,3 Southern Metro, Bayside,5396,5243.3
2016,December,3 Southern Metro, Cardinia,7232,7411.9
2016,December,3 Southern Metro, Casey,24081,7698.8
2016,December,3 Southern Metro, Frankston,16913,12123.8
2016,December,3 Southern Metro, Glen Eira,7522,5062.5
2016,December,3 Southern Metro, Greater Dandenong,20632,12877.1
2016,December,3 Southern Metro, Kingston,11567,7277.5
2016,December,3 Southern Metro, Mornington Peninsula,12008,7434
2016,December,3 Southern Metro, Port Phillip,13634,12551.2
2016,December,3 Southern Metro, Stonnington,11597,10447.5
2016,December,3 Southern Metro,Total,130582,8695.7
2016,December,4 Western, Ararat,1181,10055.3
2016,December,4 Western, Ballarat,12089,11680.2
2016,December,4 Western, Buloke,230,3660.1
2016,December,4 Western, Campaspe,3849,10238.1
2016,December,4 Western, Central Goldfields,1508,11522.9
2016,December,4 Western, Colac-Otway,1996,9343.7
2016,December,4 Western, Corangamite,959,5904.1
2016,December,4 Western, Gannawarra,612,5791.6
2016,December,4 Western, Glenelg,1675,8477.1
2016,December,4 Western, Golden Plains,865,3929
2016,December,4 Western, Greater Bendigo,10854,9668
2016,December,4 Western, Greater Geelong,22963,9586.7
2016,December,4 Western, Hepburn,917,5906.6
2016,December,4 Western, Hindmarsh,370,6397
2016,December,4 Western, Horsham,2824,14202.4
2016,December,4 Western, Loddon,478,6324.4
2016,December,4 Western, Macedon Ranges,2456,5172.7
2016,December,4 Western, Mildura,6518,11925.1
2016,December,4 Western, Moorabool,2534,7755.9
2016,December,4 Western, Mount Alexander,1289,6749.8
2016,December,4 Western, Moyne,646,3859.7
2016,December,4 Western, Northern Grampians,1349,11659.5
2016,December,4 Western, Pyrenees,561,7668.1
2016,December,4 Western, Queenscliffe,143,4882.2
2016,December,4 Western, Southern Grampians,1350,8373.1
2016,December,4 Western, Surf Coast,1352,4437.9
2016,December,4 Western, Swan Hill,2224,10643.2
2016,December,4 Western, Warrnambool,3246,9479.6
2016,December,4 Western, West Wimmera,187,4749.8
2016,December,4 Western, Yarriambiack,440,6525.3
2016,December,4 Western,Total,87665,9060.3
2016,December,Justice Institutions and Immigration Facilities, Justice Institutions and Immigration Facilities,1636,
2016,December,Justice Institutions and Immigration Facilities,Total,1636,
2016,December,Unincorporated Vic, Unincorporated Vic,137,
2016,December,Unincorporated Vic,Total,137,
2015,December,1 North West Metro, Banyule,9232,7321.9
2015,December,1 North West Metro, Brimbank,19233,9575.3
2015,December,1 North West Metro, Darebin,15338,10092.5
2015,December,1 North West Metro, Hobsons Bay,6897,7523.4
2015,December,1 North West Metro, Hume,20497,10342.8
2015,December,1 North West Metro, Maribyrnong,8680,10237.9
2015,December,1 North West Metro, Melbourne,34401,25133.7
2015,December,1 North West Metro, Melton,11017,8165.9
2015,December,1 North West Metro, Moonee Valley,9619,8000.4
2015,December,1 North West Metro, Moreland,14046,8367.2
2015,December,1 North West Metro, Nillumbik,3022,4746
2015,December,1 North West Metro, Whittlesea,13733,6976.5
2015,December,1 North West Metro, Wyndham,14317,6696
2015,December,1 North West Metro, Yarra,12955,14406.8
2015,December,1 North West Metro,Total,192987,9758.1
2015,December,2 Eastern, Alpine,489,3934.3
2015,December,2 Eastern, Bass Coast,2791,8567.7
2015,December,2 Eastern, Baw Baw,3771,7883
2015,December,2 Eastern, Benalla,1150,8259.7
2015,December,2 Eastern, Boroondara,7453,4264.9
2015,December,2 Eastern, East Gippsland,4193,9345.2
2015,December,2 Eastern, Greater Shepparton,7652,11865.6
2015,December,2 Eastern, Indigo,515,3234.5
2015,December,2 Eastern, Knox,10122,6378.1
2015,December,2 Eastern, Latrobe,13270,17868.2
2015,December,2 Eastern, Manningham,4382,3627.9
2015,December,2 Eastern, Mansfield,414,4853.5
2015,December,2 Eastern, Maroondah,7780,6883.6
2015,December,2 Eastern, Mitchell,4118,10227.5
2015,December,2 Eastern, Moira,1538,5251.3
2015,December,2 Eastern, Monash,10097,5337.4
2015,December,2 Eastern, Murrindindi,647,4672.2
2015,December,2 Eastern, South Gippsland,1343,4666.3
2015,December,2 Eastern, Strathbogie,506,4973
2015,December,2 Eastern, Towong,194,3230.6
2015,December,2 Eastern, Wangaratta,2410,8563.4
2015,December,2 Eastern, Wellington,4398,10187.2
2015,December,2 Eastern, Whitehorse,8365,5018.6
2015,December,2 Eastern, Wodonga,3554,9061
2015,December,2 Eastern, Yarra Ranges,7910,5156.8
2015,December,2 Eastern,Total,109062,6689.9
2015,December,3 Southern Metro, Bayside,4506,4449.6
2015,December,3 Southern Metro, Cardinia,7321,7931.9
2015,December,3 Southern Metro, Casey,21033,7022
2015,December,3 Southern Metro, Frankston,14832,10764.2
2015,December,3 Southern Metro, Glen Eira,6488,4446.2
2015,December,3 Southern Metro, Greater Dandenong,19494,12491.3
2015,December,3 Southern Metro, Kingston,11023,7055
2015,December,3 Southern Metro, Mornington Peninsula,11047,6955.2
2015,December,3 Southern Metro, Port Phillip,12457,11709.8
2015,December,3 Southern Metro, Stonnington,10107,9355.9
2015,December,3 Southern Metro,Total,118308,8090.2
2015,December,4 Western, Ararat,1257,10795.3
2015,December,4 Western, Ballarat,11307,11142.2
2015,December,4 Western, Buloke,222,3520.5
2015,December,4 Western, Campaspe,3069,8199.5
2015,December,4 Western, Central Goldfields,1264,9760.6
2015,December,4 Western, Colac-Otway,1678,7903.9
2015,December,4 Western, Corangamite,681,4184.6
2015,December,4 Western, Gannawarra,587,5571.4
2015,December,4 Western, Glenelg,1583,8026.6
2015,December,4 Western, Golden Plains,672,3141.9
2015,December,4 Western, Greater Bendigo,8413,7654.6
2015,December,4 Western, Greater Geelong,20862,8956.5
2015,December,4 Western, Hepburn,825,5380.2
2015,December,4 Western, Hindmarsh,219,3770.7
2015,December,4 Western, Horsham,3043,15374.9
2015,December,4 Western, Loddon,424,5630.1
2015,December,4 Western, Macedon Ranges,2126,4584.6
2015,December,4 Western, Mildura,6177,11405.9
2015,December,4 Western, Moorabool,2177,6857.1
2015,December,4 Western, Mount Alexander,1031,5485.8
2015,December,4 Western, Moyne,586,3532
2015,December,4 Western, Northern Grampians,1150,9876.3
2015,December,4 Western, Pyrenees,496,6909
2015,December,4 Western, Queenscliffe,175,5966.6
2015,December,4 Western, Southern Grampians,1149,7109.3
2015,December,4 Western, Surf Coast,1540,5198.3
2015,December,4 Western, Swan Hill,2269,10860.1
2015,December,4 Western, Warrnambool,2799,8231.1
2015,December,4 Western, West Wimmera,157,3950.7
2015,December,4 Western, Yarriambiack,459,6724.3
2015,December,4 Western,Total,78397,8242.3
2015,December,Justice Institutions and Immigration Facilities, Justice Institutions and Immigration Facilities,1262,
2015,December,Justice Institutions and Immigration Facilities,Total,1262,
2015,December,Unincorporated Vic, Unincorporated Vic,118,
2015,December,Unincorporated Vic,Total,118,
2014,December,1 North West Metro, Banyule,8933,7140.3
2014,December,1 North West Metro, Brimbank,17366,8750
2014,December,1 North West Metro, Darebin,14482,9686.2
2014,December,1 North West Metro, Hobsons Bay,7025,7769.6
2014,December,1 North West Metro, Hume,17761,9285.4
2014,December,1 North West Metro, Maribyrnong,8157,9891.7
2014,December,1 North West Metro, Melbourne,33042,25819.1
2014,December,1 North West Metro, Melton,9828,7600.4
2014,December,1 North West Metro, Moonee Valley,8483,7203.5
2014,December,1 North West Metro, Moreland,12696,7736.8
2014,December,1 North West Metro, Nillumbik,2050,3231.8
2014,December,1 North West Metro, Whittlesea,13590,7232.6
2014,December,1 North West Metro, Wyndham,12977,6439.8
2014,December,1 North West Metro, Yarra,12859,14741.8
2014,December,1 North West Metro,Total,179249,9353.1
2014,December,2 Eastern, Alpine,467,3779.8
2014,December,2 Eastern, Bass Coast,2572,8058.4
2014,December,2 Eastern, Baw Baw,3810,8168.3
2014,December,2 Eastern, Benalla,1164,8375.3
2014,December,2 Eastern, Boroondara,6787,3930.8
2014,December,2 Eastern, East Gippsland,3916,8844.3
2014,December,2 Eastern, Greater Shepparton,7261,11359.7
2014,December,2 Eastern, Indigo,441,2803.2
2014,December,2 Eastern, Knox,9540,6059.7
2014,December,2 Eastern, Latrobe,11883,16029.1
2014,December,2 Eastern, Manningham,4026,3370.8
2014,December,2 Eastern, Mansfield,571,6801.7
2014,December,2 Eastern, Maroondah,7763,6967.3
2014,December,2 Eastern, Mitchell,3289,8415.2
2014,December,2 Eastern, Moira,1423,4890
2014,December,2 Eastern, Monash,9149,4914.9
2014,December,2 Eastern, Murrindindi,671,4902.5
2014,December,2 Eastern, South Gippsland,1201,4210.9
2014,December,2 Eastern, Strathbogie,494,4931.1
2014,December,2 Eastern, Towong,196,3276.5
2014,December,2 Eastern, Wangaratta,2511,9012.3
2014,December,2 Eastern, Wellington,3902,9085.4
2014,December,2 Eastern, Whitehorse,7333,4462.6
2014,December,2 Eastern, Wodonga,3172,8267.1
2014,December,2 Eastern, Yarra Ranges,7055,4642.4
2014,December,2 Eastern,Total,100597,6247.4
2014,December,3 Southern Metro, Bayside,4260,4268.7
2014,December,3 Southern Metro, Cardinia,5595,6352.9
2014,December,3 Southern Metro, Casey,17613,6117
2014,December,3 Southern Metro, Frankston,14902,10942.8
2014,December,3 Southern Metro, Glen Eira,5353,3725.3
2014,December,3 Southern Metro, Greater Dandenong,15962,10492
2014,December,3 Southern Metro, Kingston,9468,6139.7
2014,December,3 Southern Metro, Mornington Peninsula,10443,6672.8
2014,December,3 Southern Metro, Port Phillip,11886,11379.5
2014,December,3 Southern Metro, Stonnington,9609,9074.2
2014,December,3 Southern Metro,Total,105091,7354.8
2014,December,4 Western, Ararat,1018,8806.2
2014,December,4 Western, Ballarat,10221,10229.8
2014,December,4 Western, Buloke,216,3409.6
2014,December,4 Western, Campaspe,2948,7895.4
2014,December,4 Western, Central Goldfields,1097,8514.4
2014,December,4 Western, Colac-Otway,1535,7264.2
2014,December,4 Western, Corangamite,671,4106.5
2014,December,4 Western, Gannawarra,546,5183.2
2014,December,4 Western, Glenelg,1730,8757.3
2014,December,4 Western, Golden Plains,577,2760.9
2014,December,4 Western, Greater Bendigo,8641,8004.3
2014,December,4 Western, Greater Geelong,18522,8132.8
2014,December,4 Western, Hepburn,616,4056.9
2014,December,4 Western, Hindmarsh,228,3901.4
2014,December,4 Western, Horsham,2379,12046.8
2014,December,4 Western, Loddon,531,7067.7
2014,December,4 Western, Macedon Ranges,2089,4594.1
2014,December,4 Western, Mildura,5937,11048.3
2014,December,4 Western, Moorabool,1927,6202.9
2014,December,4 Western, Mount Alexander,1039,5615.9
2014,December,4 Western, Moyne,645,3906.3
2014,December,4 Western, Northern Grampians,936,7947.7
2014,December,4 Western, Pyrenees,451,6399.9
2014,December,4 Western, Queenscliffe,126,4242.4
2014,December,4 Western, Southern Grampians,953,5862.8
2014,December,4 Western, Surf Coast,1411,4886.7
2014,December,4 Western, Swan Hill,2197,10491.9
2014,December,4 Western, Warrnambool,3002,8900.4
2014,December,4 Western, West Wimmera,194,4804.4
2014,December,4 Western, Yarriambiack,355,5127.1
2014,December,4 Western,Total,72738,7750.3
2014,December,Justice Institutions and Immigration Facilities, Justice Institutions and Immigration Facilities,955,
2014,December,Justice Institutions and Immigration Facilities,Total,955,
2014,December,Unincorporated Vic, Unincorporated Vic,116,
2014,December,Unincorporated Vic,Total,116,
2013,December,1 North West Metro, Banyule,9512,7651.6
2013,December,1 North West Metro, Brimbank,19338,9857.8
2013,December,1 North West Metro, Darebin,12267,8329.5
2013,December,1 North West Metro, Hobsons Bay,6672,7480.8
2013,December,1 North West Metro, Hume,15313,8283
2013,December,1 North West Metro, Maribyrnong,8514,10671.6
2013,December,1 North West Metro, Melbourne,32477,27358
2013,December,1 North West Metro, Melton,8962,7231.2
2013,December,1 North West Metro, Moonee Valley,7662,6635.8
2013,December,1 North West Metro, Moreland,12057,7522.4
2013,December,1 North West Metro, Nillumbik,2167,3430.2
2013,December,1 North West Metro, Whittlesea,12900,7195.8
2013,December,1 North West Metro, Wyndham,12412,6525.4
2013,December,1 North West Metro, Yarra,11200,13339.4
2013,December,1 North West Metro,Total,171453,9234.7
2013,December,2 Eastern, Alpine,494,4021.8
2013,December,2 Eastern, Bass Coast,2492,7953.8
2013,December,2 Eastern, Baw Baw,3169,6945.4
2013,December,2 Eastern, Benalla,1106,7969.4
2013,December,2 Eastern, Boroondara,7003,4107.7
2013,December,2 Eastern, East Gippsland,3968,9057.5
2013,December,2 Eastern, Greater Shepparton,6416,10144.8
2013,December,2 Eastern, Indigo,516,3306.6
2013,December,2 Eastern, Knox,9267,5927.2
2013,December,2 Eastern, Latrobe,10232,13803.9
2013,December,2 Eastern, Manningham,4097,3461.6
2013,December,2 Eastern, Mansfield,347,4192.8
2013,December,2 Eastern, Maroondah,6814,6206.9
2013,December,2 Eastern, Mitchell,2923,7735.3
2013,December,2 Eastern, Moira,1456,5037.2
2013,December,2 Eastern, Monash,8654,4722.4
2013,December,2 Eastern, Murrindindi,694,5116.9
2013,December,2 Eastern, South Gippsland,1257,4445.9
2013,December,2 Eastern, Strathbogie,521,5280.2
2013,December,2 Eastern, Towong,305,5116.6
2013,December,2 Eastern, Wangaratta,2409,8712.5
2013,December,2 Eastern, Wellington,4096,9587.8
2013,December,2 Eastern, Whitehorse,7099,4379.9
2013,December,2 Eastern, Wodonga,2757,7337.3
2013,December,2 Eastern, Yarra Ranges,6502,4308.8
2013,December,2 Eastern,Total,94594,5943
2013,December,3 Southern Metro, Bayside,4301,4377.5
2013,December,3 Southern Metro, Cardinia,6194,7322.3
2013,December,3 Southern Metro, Casey,15570,5600.3
2013,December,3 Southern Metro, Frankston,14190,10561.9
2013,December,3 Southern Metro, Glen Eira,5973,4228.4
2013,December,3 Southern Metro, Greater Dandenong,16102,10843
2013,December,3 Southern Metro, Kingston,9316,6115.4
2013,December,3 Southern Metro, Mornington Peninsula,9389,6096.7
2013,December,3 Southern Metro, Port Phillip,11170,10934.3
2013,December,3 Southern Metro, Stonnington,9387,9070.7
2013,December,3 Southern Metro,Total,101592,7272.4
2013,December,4 Western, Ararat,1308,11383.8
2013,December,4 Western, Ballarat,9982,10150.1
2013,December,4 Western, Buloke,218,3412.6
2013,December,4 Western, Campaspe,2622,7045.9
2013,December,4 Western, Central Goldfields,1041,8123.3
2013,December,4 Western, Colac-Otway,1336,6351.3
2013,December,4 Western, Corangamite,619,3772.1
2013,December,4 Western, Gannawarra,536,5092.2
2013,December,4 Western, Glenelg,1479,7470.8
2013,December,4 Western, Golden Plains,518,2544
2013,December,4 Western, Greater Bendigo,8775,8281.7
2013,December,4 Western, Greater Geelong,16620,7441
2013,December,4 Western, Hepburn,593,3947.5
2013,December,4 Western, Hindmarsh,241,4118.3
2013,December,4 Western, Horsham,1791,9094.1
2013,December,4 Western, Loddon,376,5001.3
2013,December,4 Western, Macedon Ranges,1810,4058.8
2013,December,4 Western, Mildura,5566,10471.1
2013,December,4 Western, Moorabool,1860,6116.4
2013,December,4 Western, Mount Alexander,962,5272.1
2013,December,4 Western, Moyne,551,3353.4
2013,December,4 Western, Northern Grampians,1974,16616.2
2013,December,4 Western, Pyrenees,412,5938.3
2013,December,4 Western, Queenscliffe,80,2664.9
2013,December,4 Western, Southern Grampians,1138,6958.1
2013,December,4 Western, Surf Coast,1197,4240.5
2013,December,4 Western, Swan Hill,1752,8341.7
2013,December,4 Western, Warrnambool,2540,7599.6
2013,December,4 Western, West Wimmera,146,3540.3
2013,December,4 Western, Yarriambiack,312,4436.9
2013,December,4 Western,Total,68355,7376.9
2013,December,Justice Institutions and Immigration Facilities, Justice Institutions and Immigration Facilities,1337,
2013,December,Justice Institutions and Immigration Facilities,Total,1337,
2013,December,Unincorporated Vic, Unincorporated Vic,71,
2013,December,Unincorporated Vic,Total,71,
2012,December,1 North West Metro, Banyule,7243,5860.8
2012,December,1 North West Metro, Brimbank,18464,9528.6
2012,December,1 North West Metro, Darebin,11524,7948.4
2012,December,1 North West Metro, Hobsons Bay,6921,7834.6
2012,December,1 North West Metro, Hume,15349,8565.2
2012,December,1 North West Metro, Maribyrnong,8996,11656
2012,December,1 North West Metro, Melbourne,34757,32308.7
2012,December,1 North West Metro, Melton,8453,7143.6
2012,December,1 North West Metro, Moonee Valley,8471,7452.1
2012,December,1 North West Metro, Moreland,11778,7503.5
2012,December,1 North West Metro, Nillumbik,1813,2880.7
2012,December,1 North West Metro, Whittlesea,12217,7186.8
2012,December,1 North West Metro, Wyndham,13031,7274.6
2012,December,1 North West Metro, Yarra,10828,13323.8
2012,December,1 North West Metro,Total,169845,9451.9
2012,December,2 Eastern, Alpine,405,3324.3
2012,December,2 Eastern, Bass Coast,2256,7322.1
2012,December,2 Eastern, Baw Baw,2775,6235.1
2012,December,2 Eastern, Benalla,905,6534.8
2012,December,2 Eastern, Boroondara,6842,4060.9
2012,December,2 Eastern, East Gippsland,3196,7376.1
2012,December,2 Eastern, Greater Shepparton,6050,9670.4
2012,December,2 Eastern, Indigo,485,3138.3
2012,December,2 Eastern, Knox,8734,5620.1
2012,December,2 Eastern, Latrobe,9859,13322.3
2012,December,2 Eastern, Manningham,3693,3144.6
2012,December,2 Eastern, Mansfield,320,3952.1
2012,December,2 Eastern, Maroondah,6553,6043.3
2012,December,2 Eastern, Mitchell,2573,7071.8
2012,December,2 Eastern, Moira,1274,4442.9
2012,December,2 Eastern, Monash,8929,4952
2012,December,2 Eastern, Murrindindi,608,4518.4
2012,December,2 Eastern, South Gippsland,1188,4254.1
2012,December,2 Eastern, Strathbogie,486,4987.7
2012,December,2 Eastern, Towong,270,4545.5
2012,December,2 Eastern, Wangaratta,2306,8404.4
2012,December,2 Eastern, Wellington,3624,8538.1
2012,December,2 Eastern, Whitehorse,7112,4454.4
2012,December,2 Eastern, Wodonga,3311,9007.6
2012,December,2 Eastern, Yarra Ranges,6571,4384.6
2012,December,2 Eastern,Total,90325,5741.6
2012,December,3 Southern Metro, Bayside,4312,4446.7
2012,December,3 Southern Metro, Cardinia,5016,6237.1
2012,December,3 Southern Metro, Casey,15014,5576.4
2012,December,3 Southern Metro, Frankston,13469,10188.8
2012,December,3 Southern Metro, Glen Eira,5515,3964.3
2012,December,3 Southern Metro, Greater Dandenong,14960,10309
2012,December,3 Southern Metro, Kingston,9319,6194.7
2012,December,3 Southern Metro, Mornington Peninsula,9342,6158.2
2012,December,3 Southern Metro, Port Phillip,10970,10981.8
2012,December,3 Southern Metro, Stonnington,8709,8587.9
2012,December,3 Southern Metro,Total,96626,7071.1
2012,December,4 Western, Ararat,1176,10315.8
2012,December,4 Western, Ballarat,9543,9865.8
2012,December,4 Western, Buloke,309,4802.6
2012,December,4 Western, Campaspe,2622,7078.6
2012,December,4 Western, Central Goldfields,956,7519.3
2012,December,4 Western, Colac-Otway,1420,6793.6
2012,December,4 Western, Corangamite,827,5021.3
2012,December,4 Western, Gannawarra,527,5020
2012,December,4 Western, Glenelg,1332,6718.8
2012,December,4 Western, Golden Plains,489,2494.4
2012,December,4 Western, Greater Bendigo,7206,6935.2
2012,December,4 Western, Greater Geelong,15975,7289.5
2012,December,4 Western, Hepburn,687,4634.1
2012,December,4 Western, Hindmarsh,246,4200.1
2012,December,4 Western, Horsham,2813,14346.2
2012,December,4 Western, Loddon,391,5193.3
2012,December,4 Western, Macedon Ranges,1644,3753.9
2012,December,4 Western, Mildura,5437,10361.1
2012,December,4 Western, Moorabool,1613,5493.3
2012,December,4 Western, Mount Alexander,840,4653
2012,December,4 Western, Moyne,636,3900.9
2012,December,4 Western, Northern Grampians,911,7610.7
2012,December,4 Western, Pyrenees,310,4519
2012,December,4 Western, Queenscliffe,124,4056.3
2012,December,4 Western, Southern Grampians,1002,6087.1
2012,December,4 Western, Surf Coast,1387,5038.1
2012,December,4 Western, Swan Hill,1797,8569
2012,December,4 Western, Warrnambool,2318,7011.7
2012,December,4 Western, West Wimmera,167,3963
2012,December,4 Western, Yarriambiack,369,5200.8
2012,December,4 Western,Total,65074,7122
2012,December,Justice Institutions and Immigration Facilities, Justice Institutions and Immigration Facilities,1021,
2012,December,Justice Institutions and Immigration Facilities,Total,1021,
2012,December,Unincorporated Vic, Unincorporated Vic,126,
2012,December,Unincorporated Vic,Total,126,
2011,December,1 North West Metro, Banyule,6781,5513.8
2011,December,1 North West Metro, Brimbank,16887,8818.5
2011,December,1 North West Metro, Darebin,11400,7975.3
2011,December,1 North West Metro, Hobsons Bay,5707,6530.1
2011,December,1 North West Metro, Hume,13930,7992.4
2011,December,1 North West Metro, Maribyrnong,8642,11499.1
2011,December,1 North West Metro, Melbourne,29664,29593
2011,December,1 North West Metro, Melton,7393,6563.2
2011,December,1 North West Metro, Moonee Valley,7240,6453.9
2011,December,1 North West Metro, Moreland,10931,7086.7
2011,December,1 North West Metro, Nillumbik,1996,3182.6
2011,December,1 North West Metro, Whittlesea,10487,6521.8
2011,December,1 North West Metro, Wyndham,11299,6778.1
2011,December,1 North West Metro, Yarra,10437,13227.6
2011,December,1 North West Metro,Total,152794,8767.7
2011,December,2 Eastern, Alpine,357,2958.2
2011,December,2 Eastern, Bass Coast,1970,6516.1
2011,December,2 Eastern, Baw Baw,2217,5109.6
2011,December,2 Eastern, Benalla,925,6694.2
2011,December,2 Eastern, Boroondara,5901,3532.2
2011,December,2 Eastern, East Gippsland,3072,7173.2
2011,December,2 Eastern, Greater Shepparton,5883,9528.1
2011,December,2 Eastern, Indigo,457,2983.6
2011,December,2 Eastern, Knox,7990,5167.3
2011,December,2 Eastern, Latrobe,8530,11560.1
2011,December,2 Eastern, Manningham,4141,3546.9
2011,December,2 Eastern, Mansfield,311,3915.9
2011,December,2 Eastern, Maroondah,5967,5559.9
2011,December,2 Eastern, Mitchell,2590,7377.9
2011,December,2 Eastern, Moira,1515,5333.4
2011,December,2 Eastern, Monash,7423,4185.6
2011,December,2 Eastern, Murrindindi,555,4162
2011,December,2 Eastern, South Gippsland,1032,3751.1
2011,December,2 Eastern, Strathbogie,459,4782.2
2011,December,2 Eastern, Towong,227,3835.8
2011,December,2 Eastern, Wangaratta,2167,7963.4
2011,December,2 Eastern, Wellington,2829,6724.8
2011,December,2 Eastern, Whitehorse,6101,3872.7
2011,December,2 Eastern, Wodonga,2965,8230.4
2011,December,2 Eastern, Yarra Ranges,5981,4016.8
2011,December,2 Eastern,Total,81565,5242.5
2011,December,3 Southern Metro, Bayside,3598,3743.3
2011,December,3 Southern Metro, Cardinia,4233,5582.1
2011,December,3 Southern Metro, Casey,14381,5504
2011,December,3 Southern Metro, Frankston,11516,8834.7
2011,December,3 Southern Metro, Glen Eira,5505,4013.8
2011,December,3 Southern Metro, Greater Dandenong,13901,9777.9
2011,December,3 Southern Metro, Kingston,8585,5788.8
2011,December,3 Southern Metro, Mornington Peninsula,8639,5787.5
2011,December,3 Southern Metro, Port Phillip,11093,11403.6
2011,December,3 Southern Metro, Stonnington,8362,8459
2011,December,3 Southern Metro,Total,89813,6719.5
2011,December,4 Western, Ararat,961,8484.9
2011,December,4 Western, Ballarat,9494,9974.3
2011,December,4 Western, Buloke,314,4856.9
2011,December,4 Western, Campaspe,2247,6096.9
2011,December,4 Western, Central Goldfields,917,7289.9
2011,December,4 Western, Colac-Otway,1371,6591.7
2011,December,4 Western, Corangamite,650,3933.2
2011,December,4 Western, Gannawarra,597,5711.3
2011,December,4 Western, Glenelg,1411,7109
2011,December,4 Western, Golden Plains,382,2015
2011,December,4 Western, Greater Bendigo,6087,5967.9
2011,December,4 Western, Greater Geelong,14545,6738.9
2011,December,4 Western, Hepburn,660,4511.6
2011,December,4 Western, Hindmarsh,219,3739.8
2011,December,4 Western, Horsham,1830,9373.6
2011,December,4 Western, Loddon,435,5764.6
2011,December,4 Western, Macedon Ranges,1418,3306.7
2011,December,4 Western, Mildura,5532,10675
2011,December,4 Western, Moorabool,1305,4551.8
2011,December,4 Western, Mount Alexander,994,5561.8
2011,December,4 Western, Moyne,523,3235
2011,December,4 Western, Northern Grampians,993,8237.9
2011,December,4 Western, Pyrenees,240,3550.8
2011,December,4 Western, Queenscliffe,300,9800.7
2011,December,4 Western, Southern Grampians,1024,6179.5
2011,December,4 Western, Surf Coast,1072,4020.1
2011,December,4 Western, Swan Hill,1825,8746.7
2011,December,4 Western, Warrnambool,2813,8611.1
2011,December,4 Western, West Wimmera,116,2705.9
2011,December,4 Western, Yarriambiack,354,4928.3
2011,December,4 Western,Total,60629,6722.3
2011,December,Justice Institutions and Immigration Facilities, Justice Institutions and Immigration Facilities,903,
2011,December,Justice Institutions and Immigration Facilities,Total,903,
2011,December,Unincorporated Vic, Unincorporated Vic,141,
2011,December,Unincorporated Vic,Total,141,
2010,December,1 North West Metro, Banyule,6814,5549.8
2010,December,1 North West Metro, Brimbank,15087,7987
2010,December,1 North West Metro, Darebin,10703,7549
2010,December,1 North West Metro, Hobsons Bay,5587,6407.7
2010,December,1 North West Metro, Hume,13083,7653
2010,December,1 North West Metro, Maribyrnong,8593,11673.2
2010,December,1 North West Metro, Melbourne,31296,32058
2010,December,1 North West Metro, Melton,6112,5720.3
2010,December,1 North West Metro, Moonee Valley,6932,6224.7
2010,December,1 North West Metro, Moreland,10001,6568.3
2010,December,1 North West Metro, Nillumbik,1647,2621
2010,December,1 North West Metro, Whittlesea,9324,6105.7
2010,December,1 North West Metro, Wyndham,9798,6311.1
2010,December,1 North West Metro, Yarra,11195,14273.9
2010,December,1 North West Metro,Total,146172,8585.6
2010,December,2 Eastern, Alpine,401,3317.1
2010,December,2 Eastern, Bass Coast,2089,7087.6
2010,December,2 Eastern, Baw Baw,2012,4779.4
2010,December,2 Eastern, Benalla,960,6937.4
2010,December,2 Eastern, Boroondara,6101,3668.1
2010,December,2 Eastern, East Gippsland,3199,7547.5
2010,December,2 Eastern, Greater Shepparton,5905,9610.5
2010,December,2 Eastern, Indigo,431,2819.4
2010,December,2 Eastern, Knox,7772,5025.8
2010,December,2 Eastern, Latrobe,8042,11004.1
2010,December,2 Eastern, Manningham,3445,2953.1
2010,December,2 Eastern, Mansfield,440,5590.9
2010,December,2 Eastern, Maroondah,6231,5841
2010,December,2 Eastern, Mitchell,2748,8108.1
2010,December,2 Eastern, Moira,1467,5178.1
2010,December,2 Eastern, Monash,8094,4605.9
2010,December,2 Eastern, Murrindindi,640,4805.5
2010,December,2 Eastern, South Gippsland,1175,4324.1
2010,December,2 Eastern, Strathbogie,418,4355.1
2010,December,2 Eastern, Towong,229,3814.1
2010,December,2 Eastern, Wangaratta,2027,7452.2
2010,December,2 Eastern, Wellington,2914,6970.8
2010,December,2 Eastern, Whitehorse,6222,3961.6
2010,December,2 Eastern, Wodonga,2419,6855.2
2010,December,2 Eastern, Yarra Ranges,6206,4179.9
2010,December,2 Eastern,Total,81587,5278.2
2010,December,3 Southern Metro, Bayside,3489,3649.8
2010,December,3 Southern Metro, Cardinia,3981,5542.3
2010,December,3 Southern Metro, Casey,13533,5318.1
2010,December,3 Southern Metro, Frankston,11942,9253.6
2010,December,3 Southern Metro, Glen Eira,5899,4321.1
2010,December,3 Southern Metro, Greater Dandenong,13134,9367.2
2010,December,3 Southern Metro, Kingston,8877,6022.1
2010,December,3 Southern Metro, Mornington Peninsula,8576,5773.5
2010,December,3 Southern Metro, Port Phillip,9890,10262
2010,December,3 Southern Metro, Stonnington,8767,8880
2010,December,3 Southern Metro,Total,88088,6679.8
2010,December,4 Western, Ararat,912,8044.5
2010,December,4 Western, Ballarat,9065,9709.8
2010,December,4 Western, Buloke,319,4817.3
2010,December,4 Western, Campaspe,2938,7946.3
2010,December,4 Western, Central Goldfields,973,7722.2
2010,December,4 Western, Colac-Otway,1487,7130.2
2010,December,4 Western, Corangamite,711,4292.7
2010,December,4 Western, Gannawarra,640,5985.8
2010,December,4 Western, Glenelg,1456,7298.6
2010,December,4 Western, Golden Plains,432,2342.6
2010,December,4 Western, Greater Bendigo,6027,5996.7
2010,December,4 Western, Greater Geelong,14217,6687.7
2010,December,4 Western, Hepburn,729,5006.5
2010,December,4 Western, Hindmarsh,240,4030.9
2010,December,4 Western, Horsham,1773,9143.9
2010,December,4 Western, Loddon,389,5083
2010,December,4 Western, Macedon Ranges,1586,3756.2
2010,December,4 Western, Mildura,5641,10926.9
2010,December,4 Western, Moorabool,1269,4524.5
2010,December,4 Western, Mount Alexander,897,5037.6
2010,December,4 Western, Moyne,591,3674.9
2010,December,4 Western, Northern Grampians,1100,9081.2
2010,December,4 Western, Pyrenees,271,4016
2010,December,4 Western, Queenscliffe,417,13631.9
2010,December,4 Western, Southern Grampians,907,5429.5
2010,December,4 Western, Surf Coast,1222,4725.3
2010,December,4 Western, Swan Hill,2066,9846.5
2010,December,4 Western, Warrnambool,2547,7868.4
2010,December,4 Western, West Wimmera,103,2355.4
2010,December,4 Western, Yarriambiack,328,4485.8
2010,December,4 Western,Total,61253,6856.6
2010,December,Justice Institutions and Immigration Facilities, Justice Institutions and Immigration Facilities,855,
2010,December,Justice Institutions and Immigration Facilities,Total,855,
2010,December,Unincorporated Vic, Unincorporated Vic,196,
2010,December,Unincorporated Vic,Total,196,
